,ID,Annotation,Organism,Sequence
0,A0A2K1J0T4,Histone H3,Physcomitrium patens,MSVCEGGSVRMARTKQTARKSTGGKAPRKQLATKAARKSAPTTGGVKKPHRYRPGTVALREIRKYQKSTELLIRKLPFQRLVREIAQDFKTDLRFQSHAVLALQEAAEAYLVGLFEDTNLCAIHAKRVTIMPKDIQLARRIRGERA
1,A0A2K1IM99,Histone H3,Physcomitrium patens,MARTKQTARKSTGGKAPRKQLATKKVHPHHRRIKKPHRYRPGTVALRGIRKFQKSTELLIRKLPFQRLVREIAQDFKTGLRFQSHAVLALQEAAEAYLVGLFEDTNLCAIHAKRVTIMPKDIQLARRIRGERA
2,A0A2K1J132,Histone H3,Physcomitrium patens,MSALAFTMARTKQTARKSTGGKAPRKQLATKAARKSAPTTGGVKKPHRYRPGTVALREIRKYQKSTELLIRKLPFQRLVREIAQDFKTDLRFQSHAVLALQEAAEAYLVGLFEDTNLCAIHAKRVTIMPKDIQLARRIRGERA
3,A9RDR6,Histone H3,Physcomitrium patens,MARTKQTARKSTGGKAPRKQLATKAARKSAPTTGGVKKPHRYRPGTVALREIRKYQKSTELLIRKLPFQRLVREIAQDFKTDLRFQSHAVLALQEAAEAYLVGLFEDTNLCAIHAKRVTIMPKDIQLARRIRGERA
4,A9RIZ2,Histone H3,Physcomitrium patens,MARTKQTARKSTGGKAPRKQLATKAARKSAPATGGVKKPHRYRPGTVALREIRKYQKSTELLIRKLPFQRLVREIAQDFKTDLRFQSSAVLALQEASEAYLVGLFEDTNLCAIHAKRVTIMPKDIQLARRIRGERA
0,D8SQ57,Histone H3,Selaginella moellendorffii,MARTKQTARKSTGGKAPRKQLATKAARKSAPTTGGVKKPHRYRPGTVALREIRKYQKSTELLIRKLPFQRLVREIAQDYKTDLRFQSHAVLALQEAAEAYLVGLFEDTNLCAIHAKRVTIMPKDIQLARRIRGERA
1,D8S3M3,Histone H3,Selaginella moellendorffii,MARTKQTARKSTGGKAPRKQLATKAARKSAPTTGGVKKPHRYRPGTVALREIRKYQKSTELLIRKLPFQRLVREIAQDFKTDLRFQSHAVLALQEAAEAYLVGLFEDTNLCAIHAKRVTIMPKDIQLARRIRGERA
2,D8QUA3,Histone H3,Selaginella moellendorffii,MARTKQTARKSTGGKAPRKQLATKAARKSAPATGGVKKPHRYRPGTVALREIRKYQKSTELLIRKLPFQRLVREIAQDFKTDLRFQSSAVMALQEAAEAYLVGLFEDTNLCAIHAKRVTIMPKDIQLARRIRGERA
0,P59226,Histone H3.1,Arabidopsis thaliana,MARTKQTARKSTGGKAPRKQLATKAARKSAPATGGVKKPHRFRPGTVALREIRKYQKSTELLIRKLPFQRLVREIAQDFKTDLRFQSSAVAALQEAAEAYLVGLFEDTNLCAIHAKRVTIMPKDIQLARRIRGERA
1,Q9FXI7,Histone H3-like 2,Arabidopsis thaliana,MARTKQTARKSTGGKGPRKELATKAARKTRRPYRGGVKRAHRFRPGTVALREIRKYQKSTDLLIRKLPFQRLVREIAQDFKVDLRFQSHAVLALQEAAEAYLVGLFEDTNLCAIHAKRVTIMSKDIQLARRIRGERA
2,Q8RVQ9,Histone H3-like centromeric protein CENH3,Arabidopsis thaliana,MARTKHRVTRSQPRNQTDAAGASSSQAAGPTTTPTRRGGEGGDNTQQTNPTTSPATGTRRGAKRSRQAMPRGSQKKSYRYRPGTVALKEIRHFQKQTNLLIPAASFIREVRSITHMLAPPQINRWTAEALVALQEAAEDYLVGLFSDSMLCAIHARRVTLMRKDFELARRLGGKGRPW
3,P59169,Histone H3.3,Arabidopsis thaliana,MARTKQTARKSTGGKAPRKQLATKAARKSAPTTGGVKKPHRYRPGTVALREIRKYQKSTELLIRKLPFQRLVREIAQDFKTDLRFQSHAVLALQEAAEAYLVGLFEDTNLCAIHAKRVTIMPKDIQLARRIRGERA
4,Q9LR02,Histone H3-like 3,Arabidopsis thaliana,MARTKQTARKSHGGKAPRTLLATKAARKSAPTTGGVKKPHRYRPGTVALREIRKYQKSTELLIRKLPFQRLVREIAQDYKTDLRFQSHAVLALQEAAEAYLVGLFEDTNLCAIHAKRVTIMPKDVQLARRIRGERA
5,Q9FKQ3,Histone H3-like 5,Arabidopsis thaliana,MARTKQTARISTGGKAPRKQLAPKAARQSAPATGGVKKPHRFRPGTVALRDIRKYQKSTEILIRKLPFQRLVREIAQDFKTDLRFQSSAVAALQEAAEAYLVGLFEDTNLCAIHAKRVTIMPKEIQLARRIRGERARGE
6,Q9FX60,Histone H3-like 1,Arabidopsis thaliana,MARTKQSARKSHGGKAPTKQLATKAARKSAPTTGGVKKPHRFRPGTVALREIRKYQKSTELLNRKLPFQRLVREIAQDFKTDLRFQSHAVLALQEAAEAYLVGLFEDTNLCAIHAKRVTIMPKDVQLARRIRAERA
7,Q9LXU8,Histone H3-like 4,Arabidopsis thaliana,MARSNQTARKATGGKAPHFAMRVWQHSTPPLKKPYRYKPGTVALREIRKYQKTTDLVIRKLPFQRLVKEIAQSLKADLRFQTGAVSALQEAAEAFMVGMFEDTNLCAMHAKRSTIMPKDIQLAKRLRGDRV
0,I3SHA6,Histone H3,Medicago truncatula,MARTKQTARKSTGGKAPRKQLATKAARKSAPATGGVKKPHRFRPGTVALREIRKYQKSTELLIRKLPFQRLVREIAQDFKTDLRFQSSAVLALQEAAEAYLVGLFEDTNLCAIHAKRVTIMPKDIQLARRIRGERA
1,I3SG68,Histone H3,Medicago truncatula,MARTKQTARKSTGGKAPRKQLATKAARKSAPTIGGVKKPHRYRPGTVALREIRKYQKSTELLIRKLPFQRLVREIAQDFKVNFVTYLHKRFCVKSCSSLVYLITSICLC
2,A0A396IE30,Histone H3,Medicago truncatula,MNLMARTKQTARKSTGGKAPRKQLATKAARKSAPTTGGVKKPHRYRPGTVALREIRKYQKSTELLIRKLPFQRLVREIAQDFKTDLRFQSHAVLALQEAAEAYLVGLFEDTNLCAIHAKRVTIMPKDIQLARRIRGERA
3,G7I5Z6,Histone H3,Medicago truncatula,MARTKQTARKSTGGKAPRKQLATKAARKSAPTTGGVKKPHRYRPGTVALREIRKYQKSTELLIRKLPFQRLVREIAQDFKVNFVTYLHKRFCVKSCSSLVYLITSICLC
4,I3SP99,Histone H3,Medicago truncatula,MARTKQTARKSTGGKAPRKQLATKAARKSAPTTGGVKKPHRYRPGTVALREIRKYQKSTDLLIRKLPFQRLVREIAQDFKTDLRFQSHAVLALQEAAEAYLVGLFEDTNLCAIHAKRVTIMPKDIQLARRIRGERA
5,G7IHB6,Histone H3,Medicago truncatula,MARTKQTARRSTLGKAPRKQLATKAARKSVPTTGGIKKPHRYRPGTVALREIRKYQKGTELLIRKLPFQRLVREIAQNFKTDLRFQSHAVLALQEAVEAYLVGLFEDTNLCAIHAKRITVMVKDIQLARRIRGERA
6,G7I5Z5,Histone H3,Medicago truncatula,MARTKQTARKSTGGKAPRKQLATKAARKSAPTTGGVKKPHRYRPGTVALREIRKYQKSTELLIRKLPFQRLVREIAQDFKTDLRFQSHAVLALQEAAEAYLVGLFEDTNLCAIHAKRVTIMPKDIQLARRIRGERA
7,B7FN22,Histone H3,Medicago truncatula,MARTKQTARKSTGGKAPRKQLATKAARKSAPATGGVKKPHRFRPGTVALREIRKYQKSTELLIRKLPFQRLVREIAQDFKTDLRFQSSAVSALQEAAEAYLVGLFEDTNLCAIHAKRVTIMPKDIQLARRIRGERA
0,A9P8F8,Histone H3,Populus trichocarpa,MARTKQTARKSTGGKAPRKQLATKAARKSAPTTGGVKKPHRYRPGTVALREIRKYQKSTELLIRKLPFQRLVREIAQDFKV
1,U5GGY7,Histone H3,Populus trichocarpa,MARTKQTARKSTGGKAPRKQLATKAARKSAPATGGVKKPHRFRPGTVALREIRKYQKSTELLIRKLPFQRLVREIAQDFKTDLRFQSSAVSALQEAAEAYLVGLFEDTNLCAIHAKRVTIMPKDIQLARRIRGERA
2,U7DTR3,Histone H3,Populus trichocarpa,MARTKQTARKSAGGKAPRKQLATKAARKSAPATGGVKKPHRFRPGTVALREIRKYQKSTELLIRKLPFQRLVREIAQDFKTDLRFQSSAVAALQEAAEA
3,A9PDS4,Histone H3,Populus trichocarpa,MARTKQTARKSTGGKAPRKQLATKAARKSAPTTGGVKKPHRYRPGTVALREIRKYQKSTELLIRKLPFQRLVREIAQDFKTDLRFQSHAVLALQEAAEAYLVGLFEDTNLCAIHAKRVTIMPKDIQLARRIRGERA
4,A9P905,Histone H3,Populus trichocarpa,MARTKQTARKSTGGKAPRKQLATKAARKSAPATGGVKKPHRFRPGTVALREIRKYQKSTELLIRKLPFQRLVREIAQDFKTDLRFQSSAVAALQEAAEAYLVGLFEDTNLCAIHAKRVTIMPKDIQLARRIRGERA
0,Q6LCK1,Histone H3.2,Brassica napus,MARTKQTARKSTGGKAPRKQLATKAARKSAPATGGVKKPHRFRPGTVALREIRKYQKSTELLIRKLPFQRLVREIAQDFKTDLRFQSSAVAALQEAAEAYLVGLFEDTNLCAIHAKRVTIMPKDIQLARRIRGERA
1,A0A078JL41,Histone H3,Brassica napus,MARTKQTARKSTRGKAPRKQLATKAARKCAPTTGGVKKPHRYRPGTIRKYQKSTELLIRKLPFQRLVREIAQDFKTDLRFQSHAVLALQEAAEAYLVGLFEDTNLCAIHAKRVTIMPKDIQLARRIRGERA
2,A0A078CWM8,Histone H3,Brassica napus,MARTKQTARKSTGGKAPRKQLATKAARKSAPATGGVKKPHRFRPGTLPFQRLVREIAQDFKTDLRFQSSAVAALQEAAEAYLVGLFEDTNLCAIHAKRVTIMPKDIQLARRIRGERA
3,A0A078D939,Histone H3,Brassica napus,MARTKQTARKSTGGKAPRKQLATKAARKSAPTTGGVKKPHRYRPGTVALREIRKYQKSTELLIRKLPFQRLVREIAQDFKTDLRFQSHAVLALQEAAEAYLVGLFEDTNLCAIHAKRVTIMPKDIQLARRIRGERA
4,A0A816NPD7,Histone H3,Brassica napus,MARTKQTARKSTGGKAPRKQLATKAARKSAPATGGVKKPHRFRPGTVALREIRKYQKSTELLIRKLPFQRLVREIAQDFKTDLRFQSSAVAALQEAAEAYLVGLFEDTNLCAIHAKRVTIMPKDIQLARRIRGERA
0,A7L4B4,Histone H3,Nicotiana benthamiana,MARTKQTARKSTGGKAPRKQLATKAARKSAPATGGVKKPHRFRPGTVALREIRKYQKSTELLIRKLPFQRLVREIAQDFKTDLRFQSSAVAALQEAAEAYLVGLFEDTNLCAIHAKRVTIMPKDIQLARRIRGERA
0,A0A3Q7EIR9,Histone H3,Solanum lycopersicum,MARTKQTARKSTGGKAPRKQLATKAARKSVAATGGVKKPHRFRPGTVALREIRKYQKSTELLIRKLPFQRLVREIAQDFKTDLSVVAALQEAAEAYLVGLFEDTNLCAIHAKRVTIMPKDIQLARRLRGERA
1,A0A3Q7EH66,Histone H3,Solanum lycopersicum,MARTKQTARKSTGGKAPRKQLATKAARKSAPATGGVKKPHRFRPGTVALREIRKYQKSTELLIRKLPFQRLVREIAQDFKTDLRFQSSAVAALQEAAEAYLVGVFEDTNLCAIHAKRVTIMPKDIQLARRIRGERA
2,Q6LB28,Histone H3,Solanum lycopersicum,MARTKQTARKSTGGKAPRKQLATKAARKSAPTTGGVKKPHRYRPGTVALREIRKYQKSTELLIRKLPFQRLVREIAQDFKTDLRFQSHAVLALQEAAEAYLVGLFEDTNLCAIHAKRVTIMPKDIQLARRIRGERA
3,A0A3Q7JX01,Histone H3,Solanum lycopersicum,MARTKQTARKSTGGKAPRKQLATKAARKSAPATGGVKKPHRFRPGTVALREIRKYQKSTELLIRKLPFQRLVREIAQDFKTDLRFQSSAVAALQEAAEAYLVGLFEDTNLCAIHAKRVTIMPKDMQLARRIRGERA
4,K4AY75,Histone H3,Solanum lycopersicum,MARTKQTARKSTGGKAPRKQLATKAARKSAPATGGVKKPHRFRPGTVALREIRKYQKSTELLIRKLPFQRLVREIAQDFKTDLRFQSSAVAALQEAAEAYLVGLFEDTNLCAIHAKRVTIMPKDIQLARRIRGERA
0,M0ZKT2,Histone H3,Solanum tuberosum,MARTKQTARKSTGGKAPRKQLATKAARKSAPATGGVKKPHRFRPGTVALREIRKYQKSTELLIRKLPFQRLVREIAQDFKTDLRFQSSAVAALQEAAEAYLVGVFEDTNLCAIHAKRVTIMPKDIQLARRIRGERA
1,M1CNZ3,Histone H3,Solanum tuberosum,MPRTKQTTCQSTGGKAPRKQLATKATRKSAPATGGVKKPHRFRPGTVALREIRKYQKSTELLIRKLPFQRLVREIAQDFKTDLRFQSSVVAALQEVAEAYLVGVGKYI
2,M1D4I9,Histone H3,Solanum tuberosum,MARTKQTARKSTGGKAPRKQLATKAARKSAPATGGVKKPHRFRPGTVALREIRKYQKSTELLIRKLPFQRLVREIAQDFKTDLRFQSSAVAALQEAAEAYLVGLFEDTNLCAIHAKRVTIMPKDIQLARRIRGERA
3,M1BEC3,Histone H3,Solanum tuberosum,MARTKQTARKSTGGKAPRKQLATKAARKSAPTTGGVKKPHRYRPGTVALREIRKYQKSTELLIRKLPFQRLVREIAQDFKTDLRFQSHAVLALQEAAEAYLVGLFEDTNLCAIHAKRVTIMPKDIQLARRIRGERA
0,A2XHJ3,Histone H3.3,Oryza sativa subsp. indica,MARTKQTARKSTGGKAPRKQLATKAARKSAPTTGGVKKPHRYRPGTVALREIRKYQKSTELLIRKLPFQRLVREIAQDFKTDLRFQSHAVLALQEAAEAYLVGLFEDTNLCAIHAKRVTIMPKDIQLARRIRGERA
1,A2Y533,Histone H3.2,Oryza sativa subsp. indica,MARTKQTARKSTGGKAPRKQLATKAARKSAPATGGVKKPHRFRPGTVALREIRKYQKSTELLIRKLPFQRLVREIAQDFKTDLRFQSSAVAALQEAAEAYLVGLFEDTNLCAIHAKRVTIMPKDIQLARRIRGERA
2,Q6T367,Histone H3-like centromeric protein CENH3,Oryza sativa subsp. japonica,MARTKHPAVRKSKAEPKKKLQFERSPRPSKAQRAGGGTGTSATTRSAAGTSASGTPRQQTKQRKPHRFRPGTVALREIRKFQKTTELLIPFAPFSRLVREITDFYSKDVSRWTLEALLALQEAAEYHLVDIFEVSNLCAIHAKRVTIMQKDMQLARRIGGRRPW
3,Q0JCT1,Histone H3.3,Oryza sativa subsp. japonica,MARTKQTARKSTGGKAPRKQLATKAARKSAPTTGGVKKPHRYRPGTVALREIRKYQKSTELLIRKLPFQRLVREIAQDFKTDLRFQSHAVLALQEAAEAYLVGLFEDTNLCAIHAKRVTIMPKDIQLARRIRGERA
4,Q2RAD9,Histone H3.2,Oryza sativa subsp. japonica,MARTKQTARKSTGGKAPRKQLATKAARKSAPATGGVKKPHRFRPGTVALREIRKYQKSTELLIRKLPFQRLVREIAQDFKTDLRFQSSAVAALQEAAEAYLVGLFEDTNLCAIHAKRVTIMPKDIQLARRIRGERA
0,A0A194YQQ1,Histone H3,Sorghum bicolor,MAGGSTSVMLMQTARKSTGGKAPRKQLATKAARKSAPTTGGVKKPHRYRPGTVALREIRKYQKSTELLIRKLPFQRLVREIAQDFKTDLRFQSHAVLALQEAAEAYLVGLFEDTNLCAIHAKRVTIMPKDIQLARRIRGERA
1,C5WXQ0,Histone H3,Sorghum bicolor,MARTKQTARKSTGGKAPRKQLATKAARKSAPTTGGVKKPHRYRPGTVALREIRKYQKSTELLIRKLPFQRLVREIAQDFKTDLRFQSHAVLALQEAAEAYLVGLFEDTNLCAIHAKRVTIMPKDIQLARRIRGERA
2,A0A1B6QLV9,Histone H3,Sorghum bicolor,MARTKSTARNSTGGKAPRKQLVKKIFIAARKRVPATGGVKKPRRYRPGTVALREIRKYQKGTELLIRKMPFQRLVREISQLHKSDLRFQSHAILALQEAAEAYLVALFEDTNLCAIHAKRVTIMPKDVHLATRIRGERH
3,A0A921QJ57,Histone H3,Sorghum bicolor,MARTKQTARKSTGGKAPRKQLATKAARKSAPATGGVKKPHRYRPGTVALREIRRYQKSTELLIRKLPFQRLVREIAQDFKTDLRFQSSAVMALQEASEAYLVGLFEDTNLCAIHAKRVTIMPKDIQLARRIRGERA
4,A0A921UJ89,Histone H3,Sorghum bicolor,MAGGSTSVMLMQTARKSTGGKAPRKQLATKAARKSAPTTGGVKKPHRYRPGTVALREIRKYQKSTELLIRKLPFQRLVREIAQDFKTDLRFQSHAVLALQEAAEAYLVGLFEDTNLCAIHAKRVTIMPKDIQLARRIRGERA
5,A0A921UZH7,Histone H3,Sorghum bicolor,MARTKSTARNSTGGKAPRKQLVKKIFIAARKRVPATGGVKKPRRYRPGTVALREIRKYQKGTELLIRKMPFQRLVREISQLHKSDLRFQSHAILALQEAAEAYLVALFEDTNLCAIHAKRVTIMPKDVHLATRIRGERH
6,A0A921QRZ7,Histone H3,Sorghum bicolor,MARTKQTARKSTGGKAPRKQLATKAARKSAPTTGGVKKPHRYRPGTVALREIRKYQKSTELLIRKLPFQRLVREIAQDFKTDLRFQSHAVLALQEAAEAYLVGLFEDTNLCAIHAKRVTIMPKDIQLARRIRGERA
7,C5XPA5,Histone H3,Sorghum bicolor,MARTKQTARKSTGGKAPRKQLATKAARKSAPATGGVKKPHRFRPGTVALREIRKYQKSTELLIRKLPFQRLVREIAQDFKTDLRFQSSAVAALQEAAEAYLVGLFEDTNLCAIHAKRVTIMPKDIQLARRIRGERA
8,A0A921QPS2,Histone H3,Sorghum bicolor,MARTKQTARKSTGGKAPRKQLATKAARKSAPATGGVKKPHRFRPGTVALREIRKYQKSTELLIRKLPFQRLVREIAQDFKTDLRFQSSAVAALQEAAEAYLVGLFEDTNLCAIHAKRVTIMPKDIQLARRIRGERA
0,P69246,Histone H3.2,Zea mays,MARTKQTARKSTGGKAPRKQLATKAARKSAPATGGVKKPHRFRPGTVALREIRKYQKSTELLIRKLPFQRLVREIAQDFKTDLRFQSSAVAALQEAAEAYLVGLFEDTNLCAIHAKRVTIMPKDIQLARRIRGERA
1,B6SJN8,Histone H3,Zea mays,MARTKQTTRKSTGGKAPRKQLATKAARKSAPATGGVKKPHRFRPGTVALREIRKYQKSTELLIRKLPFQRLVREIAQDFKTDLRFQSSAVAALQEAAEAYLVGLFEDTNLCAIHAKRVTIMPKDIQLARRIRGERA
2,B6UH77,Histone H3,Zea mays,MARTKQTAXKSTGGKAPRKQLATKAARKSAPTTGGVKKPXRYRPGTVALREIRKYQKSXELLIRKLPFQRLVREIAQDFKTDLRFQSHAVLALQEAAEAYLVGLFEDTXLCAIHAKXVTIMPKDIQLARRIRGERA
3,B6UHK8,Histone H3,Zea mays,MARTKQTARKSTGGKAPRKQLATKAARKSAPTTGGVKKPHRYRPGTVALREIRKYQKNTELLIRKLPFQRLVREIAQDFKTDLRFQSHAVLALQEAAEAYLVGLFEDTNLCAIHAKRVTIMPKDIQLARRIRGERA
4,B6TP58,Histone H3,Zea mays,MARTKXTARKSTGGKAPRKQLATKAARKSAPTTGGVKKPHRYRPGTVALREIRKYQKSTELLIRKLPFQRLVREIAQDFKTDLRFQSHAVLALQEAAEAYLVGLFEDTNLCAIHAKRVTIMPKDIQLARRIRGERA
5,B6TTP0,Histone H3,Zea mays,MARTKQTARKSTGGKAPRKQLATKAARKSAPATGGVKKPHRFRPGTVALREIRKYQKSTELLIRKLPFQRLVREIAQDFKTDLRFQSSAVAALQEASEAYLVGLFEDTNLCAIHAKRVTIMPKDIQLARRIRVERA
6,B6SRG7,Histone H3,Zea mays,MARTKQTARKSTGGKAPRKQLATKAARKSAPTTGGVKKPHRYRPGTVALREIRKYQKSTDLLIRKLPFQRLVREIAQDFKTDLRFQSHAVLALQEAAEAYLVGLFEDTNLCAIHAKRVTIMPKDIQLARRIRGERA
7,B6SIV8,Histone H3,Zea mays,MARTKQTARKSTGGKAPRKQLATKAARKSAPATGGVKKPHRFRPGTVALREIRKYQKSTELLIRKLPFQRLVREIAQDFKTDLRFQSSAVSALQEAAEAYLVGLFEDTNLCAIHAKRVTIMPKDIQLARRIRGERA
8,A0A8J8XXP9,Histone H3,Zea mays,MARTKQTARKSTGGKAPRKQLATKAARKSAPTTGGVKKPHRYRPGTVALREIRKYQKSTDLLIRKLPFQRLVREIAQDFKTDLRFQSHAVLALQEAAEAYLVGLFEDTNLCAIHAKRVTIMPKDIQLARRIRGERA
9,A0A8J8YLJ3,Histone H3,Zea mays,MARTKQTARKSTGGKAPRKQLATKAARKSAPATGGVKKPHRFRPGTVALREIRKYQKSTELLIRKLPFQRLVREIAQDFKTDLRFQSSAVSALQEAAEAYLVGLFEDTNLCAIHAKRVTIMPKDIQLARRIRGERA
10,B4FCH2,Histone H3,Zea mays,MARTKQTARKSTGGKAPRKQLATKAARKSAPTTGGVKKPHRYRPGTVALREIRKYQKSTELLIRKLPFQRLVREIAQDFKTDLRFQSHAVLALQEAAEAYLVGLFEDTNLCAIHAKRVTIMPKDIQLARRIRGERA
11,A0A8J8YK56,Histone H3,Zea mays,MARTKQTARKSTGGKAPRKQLATKAARKSAPTTGGVKKPHRYRPGTVALREIRKYQKSTELLIRKLPFQRLVREIAQDFKTDLRFQSHAVLALQEAAEAYLVGLFEDTNLCAIHAKRVTIMPKDIQLARRIRGERA
12,A0A3L6GA61,Histone H3,Zea mays,MARTKQTARKSTGGKAPRKQLATKAARKSAPATGGVKKPHRFRPGTVALREIRKYQKSTELLIRKLPFQRLVREIAQDFKTDLRFQSSAVAALQEAAEAYLVGLFEDTNLCAIHAKRVTIMPKDIQLARRIRGERA
0,P68428,Histone H3.2,Triticum aestivum,MARTKQTARKSTGGKAPRKQLATKAARKSAPATGGVKKPHRFRPGTVALREIRKYQKSTELLIRKLPFQRLVREIAQDFKTDLRFQSSAVSALQEAAEAYLVGLFEDTNLCAIHAKRVTIMPKDIQLARRIRGERA
1,A0A1D6CGH8,Histone H3,Triticum aestivum,MARTKQTARKSTGGKAPRKQLATKAARKSAPATGGVKKPHRFRPGTVALREIRKYQKSTELLIRKLPFQRLVREIAQDFKTDLRFQSSAVSALQEAAEAYLVGMFEDTNLCAIHAKRVTIMPKDIQLARRIRGERA
2,W5GCP8,Histone H3,Triticum aestivum,MARTKQTARKSTGGKAPRKQLATTIAARKSAPTTGGVKKPHRYRPGTVALREIRKYQKSTDLLIRKLPFQRLVREIAQDFKTDLRFQSHAVLALQEAAEAYLVGLFEDTNLCAIHAKRVTIMPKDIQLARRIRGERA
3,A0A341WUB3,Histone H3,Triticum aestivum,MARTKQTARKSTGGKAPRKQLATTIAARKSAPTTGGVKKPHRFRPGTVALREIRKYQKSTDLLIRKLPFQRLVREIAQDFKTDLRFQSHAVLALQEAAEAYLVGLFEDTNLCAIHAKRVTIMPKDIQLARRIRGERA
4,A0A1D6CJP6,Histone H3,Triticum aestivum,MARTKQTARKSTGGKAPRKQLATKAARKSAPATGGVKKPHRFRPGTVALREIRKYQKSTDLLIRKLPFQRLVREIAQDFKTDLRFQSSAVSALQEAAEAYLVGLFEDTNLCAIHAKRVTIMPKDIQLARRIRGERA
5,A0A3B6PGD8,Histone H3,Triticum aestivum,MARTKQTARKSTGGKAPRKQLATKAARKSAPATGGVKKPHRFRPGTVALREIRKYQKSTELLIRKLPFQRLVREIAQDFKTDLRFQSSAVSALQEAAEAYLVGLFEDTNLCAIHAKRVTIMPKDIQLARRIRGERT
6,A0A3B5Z2K8,Histone H3,Triticum aestivum,MARTKQTARKSTGGKAPRKQLATKAARKSAPATGGVKKPHRFRPGIVALREIRKYQKSTELLIRKLPFQRLVREIAQDFKTDLRFQSSAVSALQEAAEAYLVGLFEDTNLCAIHAKRVTIMPKDIQLARRIRGERA
7,A0A3B6RA79,Histone H3,Triticum aestivum,MARTKQTARKSTGGKAPRKQLATKAARKSAPATGGVKKPHRFRPGTVALREIRKYQKSTELLIRKLPFQRLVREIAQDFKTDLRFQSSAVSALQEASEAYLVGLFEDTNLCAIHAKRVTIMPKDIQLARRIRGERA
8,A0A3B6IS43,Histone H3,Triticum aestivum,MARTKQTARKSTGGKAPRKQLATKAARKSAPATGGVKKPHRFRPGTVALREIRKYQKSTELLIRKLPFQRLVREVAQDFKTDLRFQSSAVSALQEAAEAYLVGLFEDTNLCAIHAKRVTIMPKDIQLARRIRGERA
9,A0A3B6EPW4,Histone H3,Triticum aestivum,MARTKQTARKSTGGKAPRKQLATKAARKSTPTTGGVKKPHRYRPRTVALREIRKYQKSTELLIRKLPFQRLVREIAQDFKTDLRF
10,A0A3B6GUS9,Histone H3,Triticum aestivum,MARTKQTARKSTGGKAPRKQLATKAARKSAPATGGVKKPHRFRPGTVALREIRKYQKSTELLIRKLPFQRLVREIAQDFKTDLRFQSSAVSALQEAAEAYLVGLFEDTNLCAIHAKRVTIMTKDIQLARRIRGERA
11,A0A3B6C2I9,Histone H3,Triticum aestivum,MARTKQTARKSTGGKAPRKQLATKAARKSAPATGGVKKPHRFRPGTVALREIRKYQKSTELLIRKLPFQRLVREIAHDFKTDLRFQSSAVSALQEAAEAYLVGLFEDTNLCAIHAKRVTIMPKDIQLARRIRGERA
12,A0A3B6DFK7,Histone H3,Triticum aestivum,MARTKQTARKSTGGKAPRKQLAARKSAPTTGGVKKPHRYRPGTVALREIRKYQKSTELLIRKLPFQRLVREIAQDFKTDLRFQSHAVLALQEAAEAYLVGLFEDTNLCAIHAKRVTIMPKDIQLARRIRGERA
13,A0A3B5Y6X4,Histone H3,Triticum aestivum,MARTKETARKSTGGKAPRKQLATKAAHKSAPTTGGVKKPHRYRPGTVALREIRKYQKSMELLIRKLPFQRLVREIAQDFKTDLRFQSHAVLALQEAAKAYLVGLFEDPWREGLRACDIIKIFATLNGFIPLDDLNHLDL
14,A0A3B6FN81,Histone H3,Triticum aestivum,MARTKQTARKSTGGKAPRKQLATKAARKSAPATGGVKKPHRLAPTVALGEIRKYQKSTELLIRKLPFQRLVREIAQDFKTDLRFQSSAVSALQEAAEAYLVGLFEDTNLCAIHAKRVTIMPKDIQLARRIRGERA
15,Q43202,Histone H3,Triticum aestivum,MARTKQTARKSTGGKAPRKQLATKAARKSAPTTGGVKKPHRYRPGTVALRETRKYQKSTELLIRKLPFQRLVREIAQDFKTDLRFQSHAVLALQEAAEAYLVGLFEDTNLCAIHAKRVTIMPKDIQL
16,D8L9K7,Histone H3,Triticum aestivum,MARTKQTARKSTGGKAPRKQLATKAARKSAPATGGVKKPHRFRPGTVALREIRKYQKSTELLIRKLPFQRLVREIAQDFKTDLRFQSSAVSALQEAAESYLVGLFEDTNLCAIHAKRVTIMPKDIQLARRIRGERA
17,W5AUU5,Histone H3,Triticum aestivum,MARTKQTARKSTGGKAPRKQLATKAARKSAPTTGGVKKPHRYRPGTVALREIRKYQKSTELLIRKLPFQRLVREIAQDFKTDLRFQSHAVLALQEAAEAYLVGLFEDTNLCAIHAKRVTIMPKDIQLARRIRGERA
0,Q42782,Histone H3,Glycine max,MARTKQTARKSTGGKAPRKQLATKAARKSASTTGGVKKPHRYRPGTVALREIRKYQKSTELLIRKLPFQRLVREIAQDFKTDLRFQSHAVLALQEAAEAYLVGLFEDTNLCAIHAKRVTIMPKDIQL
1,Q43303,Histone H3,Glycine max,MARTKQTARKSTGGKAPRKQLATKAARKSAPTTGGVKKPHRYRPGTVALREIRKYQKSTELLIRKLPFQRLVREIAQDFKTDLRFQSHAVLALQEAAEAYLVGLFEDTNLCAIHAKRVTMMPKDIQL
2,C6SV66,Histone H3,Glycine max,MARTKQTARKSTGGKAPRKQLATKAARKSAPTTGGVKKPHRYRPGTVALREIRKYQKSTELLIRKLPFQRLVREIAQDFKTDLRFQSHAVLALQEAAEAYLVGLFEDTNLCAIHAKRVTIMPKDIQLARRIRGERA
3,C6SZA4,Histone H3,Glycine max,MARTKQTARKSTGGKAPRKQLATKAARKSAPATGGVKKPHRFRPGTVALREIRKYQKSTELLIRKLPFQRLVREIAQDFKTDLRFQSSAVSALQEAAEAYLVGLFEDTNLCAIHAKRVTIMPKDIQLARRIRGERA
0,Q71V89,Histone H3.3,Gossypium hirsutum,MARTKQTARKSTGGKAPRKQLATKAARKSAPTTGGVKKPHRYRPGTVALREIRKYQKSTELLIRKLPFQRLVREIAQDFKTDLRFQSHAVLALQEAAEAYLVGLFEDTNLCAIHAKRVTIMPKDIQLARRIRGERA
1,A0A1U8K8D8,Histone H3,Gossypium hirsutum,MARTKQTARKSTGGKAPRKQLATKAARKSAPATGGVKKPHRFRPGTVALREIRKYQKSTELLIRKLPFQRLVREIAQDFKTDLRFQSSAVAALQEAAEAYLVGLFEDTNLCAIHAKRVTIMPKDIQLARRIRGERA
2,A0A1U8K381,Histone H3,Gossypium hirsutum,MARTKQTARKSTGGKAPRKQLATKAARKSAPTTGGVKKPHRYRPGTVALREIRKYQKSTELLIRKLPFQRLVREIAQDFKTDLRFQSHAVLALQEAAEAYLVGLFEDTNLCAIHARRVTIMPKDIQLARRIRGERA
3,A0A1U8NWL7,Histone H3,Gossypium hirsutum,MARTKQTARKSTGGKAPRKQLATKAARKSAPTTGGVKKPHRYRPGTVALREIRKYQKSTELLIRKLPFQRLVREIAQYFKTDLRFQSHAVLALQEAAEAYLVGLFEDTNLCAIHAKRVTIMPKDIQLARRIRGERA
4,A0A1U8PCC5,Histone H3,Gossypium hirsutum,MARTKQTARKSTGGKAPRKQLATKAARKSAPTTGGVKKPHRYRPGTVALREIRKYQKSTELLIRKLPFQRLVREIAQDFKTDLRFQSHAVLALQEAAEAYLVGLFEDTNLCAIHAKRVTIMPKDIQLARRIRGERA
